id;name;dno;locality;street_name;district;city;pincode;created_date;updated_date;created_by;updated_by
1;models CFP Franc Human;Quality;Frozen hacking Home Loan Account;Ofelia Grove;navigating Solutions;Binsfurt;26052;2020-08-18T08:44:15;2020-08-18T01:20:15;46796;58629
2;JSON Michigan Cambridgeshire;end-to-end;Berkshire Health;Goldner Shoal;Chips override;North Linneamouth;10724;2020-08-18T01:57:55;2020-08-18T08:07:43;17893;4525
3;Table Tuna;generate Berkshire invoice;Hat generating;Stamm Radial;policy;Koelpinburgh;17973;2020-08-18T05:04:11;2020-08-18T20:58:34;24925;26724
4;PNG grow;orchid SMTP driver;Home Quality-focused;Novella Cape;National National Avon;Wilhelmstad;84998;2020-08-18T07:50:42;2020-08-18T19:24:11;3095;77143
5;SCSI Rustic Cotton Shoes systemic;Savings Account Cayman Islands Dollar Canada;withdrawal object-oriented USB;Ernest Field;calculating Awesome Fresh Chips invoice;Rowestad;20287;2020-08-18T22:52:21;2020-08-18T18:37:41;63585;83071
6;parse relationships;deposit Greece;Representative;Noemi Island;Credit Card Account calculating;Lake Madgestad;27124;2020-08-18T09:04:08;2020-08-18T22:35:42;99978;230
7;Identity;Tasty Ramp;benchmark;Monahan Points;Orchestrator Personal Loan Account fuchsia;Dorthaberg;1713;2020-08-18T07:26:13;2020-08-18T12:09:23;15031;31174
8;navigating;virtual;transparent Savings Account Computer;Paolo Row;COM;Anselberg;31117;2020-08-18T23:53:46;2020-08-18T13:00:26;85089;29034
9;Unbranded compelling withdrawal;Marketing;Gold;Ned Points;implement;New Sageville;91789;2020-08-18T06:29:52;2020-08-18T18:55:43;27049;9753
10;integrated optimize infrastructures;Brand Director HTTP;calculate;Doug Fall;Anguilla;New Alyce;70426;2020-08-18T07:03:00;2020-08-18T15:53:57;60094;2921
