id;name;type;size;path;created_date;updated_date;created_by;updated_by
1;Director navigating Programmable;infomediaries Bedfordshire transmitting;30194;viral;2020-08-18T16:11:54;2020-08-18T14:30:00;13014;33812
2;Mobility bluetooth Berkshire;deposit payment monitor;59709;Rhode Island;2020-08-18T14:09:13;2020-08-18T23:25:31;93508;76307
3;extensible;Ball;74697;Ameliorated;2020-08-18T02:57:13;2020-08-18T08:51:26;63384;14852
4;Tactics;CSS;88621;Seamless Avon connect;2020-08-18T14:08:26;2020-08-18T13:34:26;59315;69396
5;azure Tasty;Bosnia and Herzegovina Licensed Plastic Cheese Handmade;20493;Guinea-Bissau user-facing;2020-08-18T17:44:33;2020-08-18T02:56:10;24189;18756
6;Handcrafted platforms Handmade Plastic Bike;recontextualize Proactive e-tailers;57973;actuating Director bus;2020-08-18T12:18:24;2020-08-18T05:53:11;68109;82871
7;Handcrafted;Brand Investment Account EXE;96805;composite Checking Account;2020-08-18T05:36:48;2020-08-18T09:10:20;10057;78057
8;parse withdrawal robust;Samoa Lempira Auto Loan Account;30216;capacitor;2020-08-18T03:43:43;2020-08-18T02:03:26;74198;5112
9;Florida application;RSS Rustic;3175;Strategist Ville;2020-08-18T05:45:47;2020-08-18T05:37:25;78676;30843
10;Avon;tertiary Rustic JSON;11088;Cotton;2020-08-18T12:57:02;2020-08-18T11:46:10;62395;54811
